<?xml version="1.0" encoding="UTF-8" standalone="yes"?>
<manifest>
  <control namespace="Evidi" constructor="PlaceholderText" version="0.0.1" display-name-key="PlaceholderText" description-key="PlaceholderText description" control-type="standard" api-version="1.3.18">
    <external-service-usage enabled="false"/>
    <property name="multiline" display-name-key="Multiline_DisplayName" description-key="Multiline_Description" of-type="TwoOptions" usage="input" required="false"/>
    <property name="value" display-name-key="Value_DisplayName" description-key="Value_Description" of-type-group="stringGroup" usage="bound" required="true"/>
    <property name="placeholder" display-name-key="Placeholder_DisplayName" description-key="Placeholder_Description" of-type="SingleLine.TextArea" usage="input" required="false"/>
    <property name="rows" display-name-key="Rows_DisplayName" description-key="Rows_Description" of-type="Whole.None" usage="input" required="false"/>
    <type-group name="stringGroup">
      <type>SingleLine.Text</type>
      <type>SingleLine.TextArea</type>
      <type>SingleLine.Email</type>
      <type>SingleLine.Phone</type>
      <type>SingleLine.URL</type>
      <type>SingleLine.Ticker</type>
      <type>Multiple</type>
    </type-group>
    <resources>
      <code path="bundle.js" order="1"/>
      <css path="css/placeholder.css" order="1"/>
    </resources>
    <feature-usage/>
    <built-by name="pac" version="1.51.1"/>
  </control>
</manifest>